Date,Portfolio Return,Cumulative Return
2019-01-03,0.0,1.0
2019-01-04,0.0,1.0
2019-01-07,0.0,1.0
2019-01-08,0.0,1.0
2019-01-09,0.0,1.0
2019-01-10,0.0,1.0
2019-01-11,0.0,1.0
2019-01-14,0.0,1.0
2019-01-15,0.0,1.0
2019-01-16,0.0,1.0
2019-01-17,0.0,1.0
2019-01-18,0.0,1.0
2019-01-22,0.0,1.0
2019-01-23,0.0,1.0
2019-01-24,0.0,1.0
2019-01-25,0.0,1.0
2019-01-28,0.0,1.0
2019-01-29,0.0,1.0
2019-01-30,0.0,1.0
2019-01-31,0.0,1.0
2019-02-01,0.0,1.0
2019-02-04,0.0,1.0
2019-02-05,0.0,1.0
2019-02-06,0.0,1.0
2019-02-07,0.0,1.0
2019-02-08,0.0,1.0
2019-02-11,0.0,1.0
2019-02-12,0.0,1.0
2019-02-13,0.0,1.0
2019-02-14,0.0,1.0
2019-02-15,0.0,1.0
2019-02-19,0.0,1.0
2019-02-20,0.0,1.0
2019-02-21,0.0,1.0
2019-02-22,0.0,1.0
2019-02-25,0.0,1.0
2019-02-26,0.0,1.0
2019-02-27,0.0,1.0
2019-02-28,0.0,1.0
2019-03-01,0.0,1.0
2019-03-04,0.0,1.0
2019-03-05,0.0,1.0
2019-03-06,0.0,1.0
2019-03-07,0.0,1.0
2019-03-08,0.0,1.0
2019-03-11,0.0,1.0
2019-03-12,0.0,1.0
2019-03-13,0.0,1.0
2019-03-14,0.0,1.0
2019-03-15,0.0,1.0
2019-03-18,0.0,1.0
2019-03-19,0.0,1.0
2019-03-20,0.0,1.0
2019-03-21,0.0,1.0
2019-03-22,0.0,1.0
2019-03-25,0.0,1.0
2019-03-26,0.0,1.0
2019-03-27,0.0,1.0
2019-03-28,0.0,1.0
2019-03-29,0.0,1.0
2019-04-01,0.0,1.0
2019-04-02,0.0,1.0
2019-04-03,0.0,1.0
2019-04-04,0.0,1.0
2019-04-05,0.0,1.0
2019-04-08,0.0,1.0
2019-04-09,0.0,1.0
2019-04-10,0.0,1.0
2019-04-11,0.0,1.0
2019-04-12,0.0,1.0
2019-04-15,0.0,1.0
2019-04-16,0.0,1.0
2019-04-17,0.0,1.0
2019-04-18,0.0,1.0
2019-04-22,0.0,1.0
2019-04-23,0.0,1.0
2019-04-24,0.0,1.0
2019-04-25,0.0,1.0
2019-04-26,0.0,1.0
2019-04-29,0.0,1.0
2019-04-30,0.0,1.0
2019-05-01,0.0,1.0
2019-05-02,0.0,1.0
2019-05-03,0.0,1.0
2019-05-06,0.0,1.0
2019-05-07,0.0,1.0
2019-05-08,0.0,1.0
2019-05-09,0.0,1.0
2019-05-10,0.0,1.0
2019-05-13,0.0,1.0
2019-05-14,0.0,1.0
2019-05-15,0.0,1.0
2019-05-16,0.0,1.0
2019-05-17,0.0,1.0
2019-05-20,0.0,1.0
2019-05-21,0.0,1.0
2019-05-22,0.0,1.0
2019-05-23,0.0,1.0
2019-05-24,0.0,1.0
2019-05-28,0.0,1.0
2019-05-29,0.0,1.0
2019-05-30,0.0,1.0
2019-05-31,0.0,1.0
2019-06-03,0.0,1.0
2019-06-04,0.0,1.0
2019-06-05,0.0,1.0
2019-06-06,0.0,1.0
2019-06-07,0.0,1.0
2019-06-10,0.0,1.0
2019-06-11,0.0,1.0
2019-06-12,0.0,1.0
2019-06-13,0.0,1.0
2019-06-14,0.0,1.0
2019-06-17,0.0,1.0
2019-06-18,0.0,1.0
2019-06-19,0.0,1.0
2019-06-20,0.0,1.0
2019-06-21,0.0,1.0
2019-06-24,0.0,1.0
2019-06-25,0.0,1.0
2019-06-26,0.0,1.0
2019-06-27,0.0,1.0
2019-06-28,0.0,1.0
2019-07-01,0.0,1.0
2019-07-02,0.0,1.0
2019-07-03,0.0,1.0
2019-07-05,0.0,1.0
2019-07-08,0.0,1.0
2019-07-09,0.0,1.0
2019-07-10,0.0,1.0
2019-07-11,0.0,1.0
2019-07-12,0.0,1.0
2019-07-15,0.0,1.0
2019-07-16,0.0,1.0
2019-07-17,0.0,1.0
2019-07-18,0.0,1.0
2019-07-19,0.0,1.0
2019-07-22,0.0,1.0
2019-07-23,0.0,1.0
2019-07-24,0.0,1.0
2019-07-25,0.0,1.0
2019-07-26,0.0,1.0
2019-07-29,0.0,1.0
2019-07-30,0.0,1.0
2019-07-31,0.0,1.0
2019-08-01,0.0,1.0
2019-08-02,0.0,1.0
2019-08-05,0.07615813067183441,1.0761581306718344
2019-08-06,-0.027739623222421628,1.0463059095992522
2019-08-07,0.040407124768529146,1.0885841230344786
2019-08-08,0.002046436150864972,1.090811840937114
2019-08-09,-0.008646764326666112,1.081379848023794
2019-08-12,-0.01223256154903185,1.06815180247496
2019-08-13,-0.0427657511938907,1.0224714882530102
2019-08-14,-0.07747238810719048,0.9432581802865363
2019-08-15,0.025850521886593203,0.9676418965207415
2019-08-16,0.006089578552864294,0.9735344278606471
2019-08-19,0.0,0.9735344278606471
2019-08-20,0.0,0.9735344278606471
2019-08-21,0.0,0.9735344278606471
2019-08-22,0.0,0.9735344278606471
2019-08-23,0.0,0.9735344278606471
2019-08-26,0.0,0.9735344278606471
2019-08-27,0.0,0.9735344278606471
2019-08-28,0.0,0.9735344278606471
2019-08-29,0.0,0.9735344278606471
2019-08-30,0.0,0.9735344278606471
2019-09-03,0.0,0.9735344278606471
2019-09-04,0.0,0.9735344278606471
2019-09-05,0.0,0.9735344278606471
2019-09-06,0.0,0.9735344278606471
2019-09-09,0.0,0.9735344278606471
2019-09-10,0.0,0.9735344278606471
2019-09-11,0.0,0.9735344278606471
2019-09-12,0.0,0.9735344278606471
2019-09-13,0.0,0.9735344278606471
2019-09-16,0.0,0.9735344278606471
2019-09-17,0.0,0.9735344278606471
2019-09-18,0.0,0.9735344278606471
2019-09-19,0.0,0.9735344278606471
2019-09-20,0.0,0.9735344278606471
2019-09-23,0.0,0.9735344278606471
2019-09-24,0.0,0.9735344278606471
2019-09-25,0.0,0.9735344278606471
2019-09-26,0.0,0.9735344278606471
2019-09-27,0.0,0.9735344278606471
2019-09-30,0.0,0.9735344278606471
2019-10-01,0.0,0.9735344278606471
2019-10-02,0.0,0.9735344278606471
2019-10-03,0.0,0.9735344278606471
2019-10-04,0.0,0.9735344278606471
2019-10-07,0.0,0.9735344278606471
2019-10-08,0.0,0.9735344278606471
2019-10-09,0.0,0.9735344278606471
2019-10-10,0.0,0.9735344278606471
2019-10-11,0.0,0.9735344278606471
2019-10-14,0.0,0.9735344278606471
2019-10-15,0.0,0.9735344278606471
2019-10-16,0.0,0.9735344278606471
2019-10-17,0.0,0.9735344278606471
2019-10-18,-0.01936053867549442,0.9546862769181257
2019-10-21,0.007775606111206146,0.9621095413672149
2019-10-22,0.003082308042397397,0.9650750593442384
2019-10-23,-0.003089830296474916,0.9620931411875042
2019-10-24,0.09288240478824972,1.0514546657712807
2019-10-25,0.04464908179708438,1.0984011511492286
2019-10-28,-0.0013203964081576203,1.096950826214535
2019-10-29,-0.010020372207529854,1.0859589706425081
2019-10-30,-0.008904545832005561,1.0762889992167444
2019-10-31,-0.006672248440528078,1.069107731620163
2019-11-01,0.011666994543394427,1.0815810056912762
2019-11-04,0.019391320722029648,1.102554289859491
2019-11-05,-6.44042434271852e-05,1.1024832806846152
2019-11-06,0.0016619247271424942,1.1043155249100463
2019-11-07,0.008770878000156385,1.1140013416527108
2019-11-08,-0.011567235310359525,1.1011154259977576
2019-11-11,-0.003503066040456554,1.0972581459423218
2019-11-12,0.006611848954741845,1.1045130510676524
2019-11-13,-0.0027709441242778354,1.1014525071186083
2019-11-14,-0.0005721897691907951,1.1008222672627854
2019-11-15,-0.0006291078975955884,1.1001297312806013
2019-11-18,0.007274116360526068,1.1081322029576108
2019-11-19,-0.008410751223873063,1.098811978675372
2019-11-20,0.00981548968042567,1.1095973563127883
2019-11-21,0.009471522327549073,1.1201069324476942
2019-11-22,-0.023952909952663193,1.0932771119574207
2019-11-25,0.020999499246123834,1.116235383845775
2019-11-26,-0.011399188052340562,1.1035112067946404
2019-11-27,0.002842081822670021,1.106647475936584
2019-11-29,-0.020514104013333014,1.0839455945091285
2019-12-02,-0.001765338363272713,1.082032063767441
2019-12-03,-0.0003750792411676047,1.081626216002044
2019-12-04,0.013526557478442705,1.096256895182986
2019-12-05,-0.003744816616471339,1.0921516141459835
2019-12-06,0.015439602987037837,1.10901400147005
2019-12-09,0.002598743633778581,1.1118960445461417
2019-12-10,0.013226306211605067,1.1266023221067816
2019-12-11,0.006221629793157582,1.1336116246790418
2019-12-12,0.019301119208321005,1.1554915977829103
2019-12-13,0.0036984005959852144,1.1597650685968066
2019-12-16,0.02399744667480652,1.1875964689857619
2019-12-17,0.006496979070582183,1.1953122583890596
2019-12-18,0.014180863748399922,1.2122628186620672
2019-12-19,0.019461182206115254,1.2358548862577485
2019-12-20,0.002567045540218804,1.239027382031874
2019-12-23,0.010877209204506374,1.2525045420763465
2019-12-24,0.0077650165304022165,1.2622302605499731
2019-12-26,0.008365491349563953,1.2727894368757617
2019-12-27,-0.003450121746493136,1.2683981583608899
2019-12-30,-0.01876322618366314,1.2445989168246228
2019-12-31,0.003842860735363884,1.2493817371333644
2020-01-02,0.016691763383207398,1.2702361214648952
2020-01-03,0.014730920820771837,1.2889478691938787
2020-01-06,0.00673441604873648,1.2976281804101628
2020-01-07,0.023168036047760965,1.3276916768704958
2020-01-08,-0.0021176617745935766,1.324880074957941
2020-01-09,-0.009163006406115282,1.312740190343767
2020-01-10,0.006619526663691672,1.3214299090362474
2020-01-13,0.02672141117282889,1.3567403809716787
2020-01-14,0.02318666995122501,1.3881986723947684
2020-01-15,-0.015122703645927861,1.3672053552704717
2020-01-16,-0.0018100776759663044,1.364730607378435
2020-01-17,0.006370414619447539,1.373424507191286
2020-01-21,0.02556945239968944,1.4085422197524806
2020-01-22,0.014060135848302346,1.4283465147102699
2020-01-23,-0.005324854327778887,1.420740777589847
2020-01-24,-0.005893497453130539,1.4123676454355627
2020-01-27,-0.005557692477076121,1.4045181403976597
2020-01-28,0.03287654045715582,1.4506938378632526
2020-01-29,0.003523804350457701,1.4558057991202973
2020-01-30,0.04156968978909337,1.5163231945828912
2020-01-31,-0.01319777965069783,1.4963110951815441
2020-02-03,0.07000087255803714,1.6010541774625244
2020-02-04,0.05114646282400222,1.6829424354293248
2020-02-05,-0.03665518435670349,1.6212538701969434
2020-02-06,0.015144228762043946,1.6458065096885552
2020-02-07,-0.0016175442329339948,1.6431443448602832
2020-02-10,0.0168507804812796,1.6708326095145798
2020-02-11,0.019467613364915204,1.703359732754102
2020-02-12,0.006581190873396184,1.7145698682814137
2020-02-13,0.010190357202284082,1.7320419476874744
2020-02-14,0.02494515255069844,1.7752479982967475
2020-02-18,0.04766205964893048,1.8598599742832116
2020-02-19,0.026579723561908,1.909294538263517
2020-02-20,-0.013760893024706473,1.8830209403698162
2020-02-21,-0.012503423783101465,1.859476731559918
2020-02-24,-0.0576450737083611,1.7522870583101642
2020-02-25,-0.03789737614593173,1.6858799765457357
2020-02-26,-0.020270543360973038,1.6517062733797692
2020-02-27,-0.09190565974883574,1.4999051186135106
2020-02-28,0.026472776548510546,1.539611771662533
2020-03-02,0.06838489359752065,1.6448979588491657
2020-03-03,-0.017793736410758987,1.6156290781468081
2020-03-04,0.03769059233558336,1.6765230950967536
2020-03-05,-0.03636928926672095,1.6155491416888415
2020-03-06,-0.027797643701799546,1.570640682265427
2020-03-09,-0.10657857633639534,1.4032440344135533
2020-03-10,0.06372223585976888,1.4926618817432673
2020-03-11,0.0,1.4926618817432673
2020-03-12,0.0,1.4926618817432673
2020-03-13,0.0,1.4926618817432673
2020-03-16,0.0,1.4926618817432673
2020-03-17,0.0,1.4926618817432673
2020-03-18,0.0,1.4926618817432673
2020-03-19,0.0,1.4926618817432673
2020-03-20,0.0,1.4926618817432673
2020-03-23,0.0,1.4926618817432673
2020-03-24,0.0,1.4926618817432673
2020-03-25,0.0,1.4926618817432673
2020-03-26,0.0,1.4926618817432673
2020-03-27,0.0,1.4926618817432673
2020-03-30,0.0,1.4926618817432673
2020-03-31,0.0,1.4926618817432673
2020-04-01,0.0,1.4926618817432673
2020-04-02,0.0,1.4926618817432673
2020-04-03,-0.04524983825934459,1.4251191730184956
2020-04-06,0.10040561741979093,1.5682091434821994
2020-04-07,-0.034910544493789275,1.513462108403097
2020-04-08,0.015287837845828212,1.5365996717021686
2020-04-09,-0.009674231469810057,1.5217342508016878
2020-04-13,0.004079127620056244,1.5279415990145186
2020-04-14,0.02612564924623262,1.5678600652991
2020-04-15,0.00856804739800432,1.5812935646520208
2020-04-16,0.035212727558635915,1.6369752241343367
2020-04-17,0.001190590177252019,1.638924190756596
2020-04-20,-0.023594335741372374,1.6002548631452278
2020-04-21,-0.0470832699257843,1.524909631473712
2020-04-22,0.054089240722428183,1.607390835610443
2020-04-23,8.73600965403138e-05,1.60753125742902
2020-04-24,0.021206732466670705,1.6416217427371278
2020-04-27,0.04747667198407556,1.719560479738985
2020-04-28,-0.018293202722100332,1.6881042112902076
2020-04-29,0.06416644015760653,1.7964238491437643
2020-04-30,-0.02005612897052152,1.7603945407396162
2020-05-01,-0.037240259251993625,1.6948369916566788
2020-05-04,0.03905604946166733,1.7610306290322857
2020-05-05,0.009259458146497312,1.77733681843651
2020-05-06,0.020668166096924047,1.8140711110101344
2020-05-07,0.03139726906830579,1.87102798979156
2020-05-08,0.021524431843368236,1.911300804234863
2020-05-11,0.001200739793275174,1.9135957791674265
2020-05-12,0.014143543395816693,1.9406608041121325
2020-05-13,0.0020467621214417253,1.9446328751365558
2020-05-14,0.04690535444011773,2.035846569400741
2020-05-15,0.019581087886143017,2.07571065999888
2020-05-18,0.03390989424893376,2.1460977889708266
2020-05-19,0.005257598570743871,2.1573811096387963
2020-05-20,0.009326830827833282,2.177502638279561
2020-05-21,-0.010110230344958226,2.1554875850298
2020-05-22,0.00174965784593073,2.159258950794754
2020-05-26,-0.0016824311161353356,2.155626146348143
2020-05-27,-0.00652366011553393,2.1415635740332095
2020-05-28,0.01072798106480033,2.1645382275045035
2020-05-29,0.031427366842516236,2.2325639644249375
2020-06-01,0.03525043485410728,2.3112628150105263
2020-06-02,-0.01007505701961564,2.287976710361978
2020-06-03,0.005407181588305471,2.300348215904719
2020-06-04,-0.0007018218209204063,2.298733781331082
2020-06-05,0.021386889155155353,2.347896545909621
2020-06-08,0.006642879299781135,2.363493339272472
2020-06-09,0.009937396148167799,2.3869803088783788
2020-06-10,0.037425848320774446,2.476315071863136
2020-06-11,-0.06242927812846752,2.321720509508076
2020-06-12,-0.002064260434469445,2.3169278737204024
2020-06-15,0.02925083385810512,2.3846999460158105
2020-06-16,0.005715035363366455,2.3983285905383087
2020-06-17,0.0028266282605668436,2.40510777391045
2020-06-18,0.006571930480964078,2.420913974999816
2020-06-19,0.0029793500785705584,2.4281267252414445
2020-06-22,0.01926179409545259,2.474896802260711
2020-06-23,-0.0011884231590801597,2.4719555775845707
2020-06-24,-0.03870874372103722,2.376269282642061
2020-06-25,0.01678769956289236,2.4161613774395856
2020-06-26,-0.022617883988252076,2.361512919707762
2020-06-29,0.029347760534886042,2.4308180353753848
2020-06-30,0.030446706360761185,2.5048284383149015
2020-07-01,0.018092594012889318,2.5501472823212725
2020-07-02,0.036330707894585444,2.6427959383234576
2020-07-06,0.05263914690087305,2.781910461949897
2020-07-07,0.005461511921198924,2.7971038991015442
2020-07-08,0.008170673129683597,2.8199581207708664
2020-07-09,0.006059035928804669,2.8370443483423413
2020-07-10,0.04282997308547261,2.9585548814241363
2020-07-13,-0.027551340476022073,2.8770427285690228
2020-07-14,0.01674334956192558,2.92521406067805
2020-07-15,0.009137667232668104,2.951943693348848
2020-07-16,-0.016437814713973504,2.903420189871497
2020-07-17,0.0009310121775388811,2.906123309424779
2020-07-20,0.04348485444978959,3.0324956585482568
2020-07-21,-0.01152968377145262,2.9975319425668925
2020-07-22,0.006131970863654301,3.0159127211015857
2020-07-23,-0.023334493930558087,2.9455379240159476
2020-07-24,-0.014088939471163436,2.9040384184944705
2020-07-27,0.05647642848837742,3.068048136564074
2020-07-28,-0.020330212229064865,3.0056740668187394
2020-07-29,0.015647962681954397,3.052706742450437
2020-07-30,-0.0063263147137929965,3.0333943588687777
2020-07-31,-0.002549275738989748,3.025661400222925
2020-08-03,0.027745368374895163,3.1096094903498113
2020-08-04,0.008582309477033007,3.1362971213487123
2020-08-05,0.015990874374005204,3.1864492546157535
2020-08-06,0.0011223309757582012,3.1900255053168904
2020-08-07,-0.01732183411405344,3.134768412694192
2020-08-10,0.00205464055988977,3.1412092350207748
2020-08-11,-0.02664776249922507,3.0575030373655685
2020-08-12,0.05659924104752656,3.2305553887809673
2020-08-13,0.0124906740401389,3.270907203110845
2020-08-14,0.005540399645590693,3.2890293362197203
2020-08-17,0.05755706757313095,3.478336219974529
2020-08-18,9.304539606300177e-05,3.478659863145757
2020-08-19,-0.008250198443510548,3.449960228957329
2020-08-20,0.01697575025692405,3.508525892200429
2020-08-21,0.009757984529437935,3.5427620335776537
2020-08-24,0.0003663280408137959,3.5440598466524835
2020-08-25,-0.002671394336492494,3.534592265249946
2020-08-26,0.019411668892556133,3.6032045999731674
2020-08-27,0.0014969590784479347,3.6085984498106027
2020-08-28,0.011884452873119983,3.6514846680253905
2020-08-31,0.03298432966647455,3.771926442087617
2020-09-01,0.003828644543970361,3.786367807680373
2020-09-02,-0.023990800099718906,3.6955298145023026
2020-09-03,-0.06212882789359674,3.4659308786814336
2020-09-04,-0.013685559201515448,3.418497676452878
2020-09-08,-0.1334187169237896,2.962406102653579
2020-09-09,0.0882774139887269,3.2239196525802605
2020-09-10,-0.008949880601494542,3.1950659566208555
2020-09-11,-0.004122020159549822,3.181895830336573
2020-09-14,0.09200664920541435,3.474651403806521
2020-09-15,0.04052615643539981,3.6154656701556656
2020-09-16,-0.027233341524265597,3.5170044587910585
2020-09-17,-0.0227841362354953,3.4368725500611186
2020-09-18,0.011103005822034051,3.4750321659940364
2020-09-21,0.021641752064686548,3.55023795054729
2020-09-22,-0.023180153060130326,3.4679428914537205
2020-09-23,-0.07204131209326209,3.218107735288893
2020-09-24,0.019015379606782346,3.2793012754909343
2020-09-25,0.046495837383951244,3.4317751343291447
2020-09-28,0.02327558560379417,3.5116517102411953
2020-09-29,0.004788291299023473,3.5284665215705444
2020-09-30,0.0233806479363865,3.6109643550667117
2020-10-01,0.025422998523763063,3.7027658965349337
2020-10-02,-0.05717698615706229,3.4910529021259133
2020-10-05,0.03496718974230317,3.6131252113549683
2020-10-06,-0.010297570225949793,3.575918800755891
2020-10-07,0.02195295565011568,3.6544207875973
2020-10-08,-0.0037557585134097016,3.6406956656127
2020-10-09,0.004492931063894441,3.6570530602629168
2020-10-12,0.02260696853006331,3.7397279437090525
2020-10-13,6.510216964417115e-05,3.7399714081120665
2020-10-14,0.005594368893034357,3.760894187818447
2020-10-15,-0.007999670885305732,3.73080827208144
2020-10-16,-0.012221479673821534,3.6852122746172715
2020-10-19,-0.005379821759173564,3.665386489435112
2020-10-20,0.005146370854149124,3.6842499276335325
2020-10-21,0.008615664233979747,3.715992187964087
2020-10-22,0.005418282009347047,3.7361264815830073
2020-10-23,-0.0042622321883512004,3.720202243033453
2020-10-26,-0.01016263674273728,3.682395179027987
2020-10-27,0.024730480391048488,3.77346258079503
2020-10-28,-0.04314735275446302,3.6106476597157005
2020-10-29,0.018613497592095886,3.6778544412357257
2020-10-30,0.00808458072996765,3.707588352378966
2020-11-02,-0.013585108198026608,3.6572203634581544
2020-11-03,0.02950532012761009,3.7651278210592016
2020-11-04,0.013147117963686394,3.8146284006710243
2020-11-05,0.03410621144580217,3.9447309234914725
2020-11-06,0.0029708731607577246,3.956450218718484
2020-11-09,-0.031224995014821563,3.8329100803626095
2020-11-10,-0.030574485182918495,3.715720827903104
2020-11-11,0.023520943556815443,3.803118087769096
2020-11-12,0.01051590928270633,3.843111332571495
2020-11-13,-0.011133244106446227,3.800325035977727
2020-11-16,0.031410181585556085,3.9196939354419222
2020-11-17,0.012722168600405842,3.9695609425506024
2020-11-18,0.03021340209220097,4.089494883437379
2020-11-19,0.006407973799773536,4.115700259504754
2020-11-20,0.002346269680077312,4.125356802235917
2020-11-23,0.029039232619940826,4.245153998056301
2020-11-24,0.04923116512432172,4.454147875512786
2020-11-25,0.01056538201658926,4.501207649375957
2020-11-27,0.004696053592478636,4.522345561728302
2020-11-30,0.014834281906570174,4.589431310669905
2020-12-01,-0.009705874271326112,4.544886867391656
2020-12-02,0.002574724388491406,4.556588698452064
2020-12-03,0.013294898670753619,4.617168083482285
2020-12-04,-0.0007774994798935009,4.613578237698796
2020-12-07,0.014037072935345007,4.678339371914294
2020-12-08,-0.013767626675738304,4.61392974197937
2020-12-09,-0.019636103946320423,4.523330137964844
2020-12-10,0.01649297998932834,4.597933331415423
2020-12-11,-0.014336687978987683,4.532014195894733
2020-12-14,0.021128073389867105,4.627766924429516
2020-12-15,0.003992717419971609,4.646244290044255
2020-12-16,0.02838958518921493,4.778149238126369
2020-12-17,0.04487421180629821,4.992564919080154
2020-12-18,0.029835924274840935,5.141522707943057
2020-12-21,-0.040455282770041734,4.93352095292463
2020-12-22,0.004414449176276166,4.95529973043141
2020-12-23,0.0031419947514525664,4.970869256176299
2020-12-24,0.01600355021724109,5.050420811940857
2020-12-28,0.007060066618692221,5.086077119325589
2020-12-29,0.007231914036748573,5.122859191836825
2020-12-30,0.03519891028510336,5.303178252933506
2020-12-31,0.007909192975207535,5.345122113117881
2021-01-04,-0.003036370587613229,5.32889234154641
2021-01-05,0.03967433621941985,5.540312607982013
2021-01-06,0.041906886371240036,5.772489858905864
2021-01-07,0.05085142423575598,6.0660291896176854
2021-01-08,0.04745880463543132,6.353915683840575
2021-01-11,-0.03768897106988653,6.114443139451809
2021-01-12,0.002318066267708613,6.128616823839195
2021-01-13,0.02593266831468566,6.28754821115962
2021-01-14,0.006775213385209922,6.330147691960021
2021-01-15,-0.03505223206948327,6.108261886027335
2021-01-19,0.006268455404975744,6.146551253261809
2021-01-20,-0.0008599680971455024,6.141265415276535
2021-01-21,-0.03533078085629665,5.924289712709046
2021-01-22,0.01132767931642209,5.991398166752193
2021-01-25,0.011994488394826974,6.063261922532089
2021-01-26,-0.0025282334744911317,6.047932580774935
2021-01-27,-0.030253613894513642,5.8649607636161205
2021-01-28,0.01677504897568799,5.963345767666269
2021-01-29,-0.009140355351203572,5.908838668267703
2021-02-01,0.03231736087651334,6.0997967398712065
2021-02-02,0.030175007375328355,6.283858151484824
2021-02-03,0.012388686798174453,6.361706902007724
2021-02-04,-0.00012219542213418033,6.360929530547339
2021-02-05,0.010322993772748978,6.426593366480074
2021-02-08,0.07066802845883224,6.88074804939583
2021-02-09,-0.003858534915797185,6.854198442800433
2021-02-10,-0.011391782945692125,6.776116901873349
2021-02-11,0.025135614933736866,6.946438767064825
2021-02-12,-0.00020271864344253987,6.945030594421208
2021-02-16,0.009051168433512807,7.0078912361072145
2021-02-17,0.013210840394700746,7.100471368730848
2021-02-18,-0.009449386771241852,7.033376268509581
2021-02-19,0.014783553436491403,7.137354562414043
2021-02-22,-0.019391610724191634,6.998949761139176
2021-02-23,-0.037088088617043345,6.739372092171812
2021-02-24,0.022806709453941105,6.893074993379973
2021-02-25,-0.043271254687725226,6.594802989759839
2021-02-26,-0.00579393115162293,6.556593155278653
2021-03-01,0.03161501995443983,6.763879978715932
2021-03-02,-0.02379030096809668,6.602965238310197
2021-03-03,0.03511936705017682,6.834857198133971
2021-03-04,0.001245981177729838,6.843373301555317
2021-03-05,0.02147308161498085,6.990321614981395
2021-03-08,0.002285274381708058,7.006296417888013
2021-03-09,0.016673752664292274,7.123117671452594
2021-03-10,0.014160974350569178,7.223987958094119
2021-03-11,0.028297778139749985,7.428410766616492
2021-03-12,-0.007196693085931238,7.374950774212925
2021-03-15,-0.030302085264435952,7.151474387031707
2021-03-16,0.003517145755399964,7.176627164816907
2021-03-17,0.016641736295991527,7.29605870158844
2021-03-18,-0.044198551147975496,6.973583477887653
2021-03-19,0.01604814314338765,7.085496543763157
2021-03-22,-0.024968296770829068,6.908583763289795
2021-03-23,-0.02886423601150273,6.709172771040962
2021-03-24,0.011659377443364038,6.787397548711269
2021-03-25,-0.031550733342737725,6.573250178560728
2021-03-26,0.05377714638305353,6.92674081562562
2021-03-29,0.02091913556394931,7.071642245764033
2021-03-30,0.001904726612580454,7.085111790944188
2021-03-31,1.9359634988669328e-05,7.085248956122315
2021-04-01,0.0015018675387703517,7.095890061533622
2021-04-05,0.0025470692764816283,7.113963785098646
2021-04-06,-0.01183173383087055,7.029793259110906
2021-04-07,-0.00824460202541516,6.971835411368589
2021-04-08,0.026428507187602035,7.156090613648723
2021-04-09,0.0022217875218108474,7.171989926479076
2021-04-12,0.02550328702371485,7.354899244105263
2021-04-13,0.030403057304184685,7.5785106672903
2021-04-14,-0.02378090633803383,7.398286814929679
2021-04-15,0.017147149444109666,7.5251463445756634
2021-04-16,-0.011342543095033353,7.439792047865882
2021-04-19,-0.018349604936417047,7.303274802978446
2021-04-20,-0.0019234667026346575,7.289227197074726
2021-04-21,-0.0038712509936205675,7.261008769045325
2021-04-22,-0.021581654019713088,7.104304189957685
2021-04-23,0.01766511504034618,7.229802540754901
2021-04-26,0.00743343532297828,7.283544810339507
2021-04-27,-0.011635932684308181,7.198793973223254
2021-04-28,-0.00229380926651738,7.182281312899725
2021-04-29,-0.0013023987518440512,7.172927118682412
2021-04-30,0.0017830316530691448,7.18571667478018
2021-05-03,-0.010595732593060792,7.109578742404712
2021-05-04,-0.007057621213205467,7.059402028655362
2021-05-05,0.0032797886480642746,7.082555375291068
2021-05-06,-0.004778365721629707,7.0487123354642325
2021-05-07,0.007617602481824637,7.102406624044533
2021-05-10,-0.02577642365870329,6.9193319819067804
2021-05-11,0.007835820864709945,6.973550627820461
2021-05-12,0.012254948938686727,7.059011134685748
2021-05-13,-0.0342009999032471,6.81758589555134
2021-05-14,0.024287105283134602,6.9831653219734084
2021-05-17,0.013767689439655673,7.079307373432111
2021-05-18,-0.011770013864614959,6.995983827494944
2021-05-19,-0.032524008595155696,6.768446389357929
2021-05-20,-0.02067552652575244,6.628505196496626
2021-05-21,0.024657576354655486,6.791948069496472
2021-05-24,0.019424356319353575,6.923877288900917
2021-05-25,0.0012962185064622211,6.932852146779263
2021-05-26,0.002729125402529564,6.951772769685021
2021-05-27,-0.0019184873874141806,6.93843588130621
2021-05-28,0.020457952047720607,7.080382069852157
2021-06-01,0.011170540855252598,7.159473767034238
2021-06-02,0.023989090112815248,7.3312230283919595
2021-06-03,0.0055615124762097845,7.371995716730238
2021-06-04,0.023814825212115975,7.547558506188636
2021-06-07,-0.001641842718444364,7.535166602213217
2021-06-08,0.0013250953796872245,7.545151416662984
2021-06-09,-0.0033570237100869482,7.51982216446105
2021-06-10,0.004281273343762382,7.552016578643591
2021-06-11,0.015895283939100224,7.672058026473923
2021-06-14,0.0052159683242450905,7.7120752381217805
2021-06-15,0.00235800805468539,7.730260373651612
2021-06-16,0.0008193234180630116,7.7365939570034685
2021-06-17,0.01608626293097498,7.861046841586019
2021-06-18,0.003727266946561225,7.890347061644032
2021-06-21,0.008424578235193159,7.95681990776768
2021-06-22,0.008395155977046986,8.023618651974662
2021-06-23,0.0031003779324001446,8.048494902181238
2021-06-24,0.015400238857861126,8.172443646121106
2021-06-25,-0.0035159664126991706,8.143709608751667
2021-06-28,0.019937614825015847,8.306075754177739
2021-06-29,-0.0028362290488224877,8.282517820842019
2021-06-30,0.0013154575152733623,8.293413121154831
2021-07-01,0.010603464604380072,8.381352033634498
2021-07-02,0.00470689762851743,8.420802199645381
2021-07-06,-0.013983349166063658,8.303051182229382
2021-07-07,-0.018122816608571696,8.152576508362253
2021-07-08,-3.8129461887267176e-05,8.152265655006994
2021-07-09,0.011987531219698125,8.249991194057664
2021-07-12,0.02021597824147159,8.416772836529066
2021-07-13,-0.00743434120366404,8.354199675428578
2021-07-14,-0.023673943993393138,8.15642282020286
2021-07-15,-0.02286823932733617,7.969899791095514
2021-07-16,-0.016676828121811777,7.836987142131351
2021-07-19,-0.012628059124486465,7.738021205142676
2021-07-20,0.0065825381426474205,7.788957024874143
2021-07-21,0.017493722093524733,7.9252148744656985
2021-07-22,0.00013889495002855634,7.926315646789653
2021-07-23,-0.005446940959860591,7.883141473432371
2021-07-26,0.002158728962176004,7.900159039244
2021-07-27,0.006956563563344648,7.955116997761033
2021-07-28,0.011010943860942812,8.042710344430613
2021-07-29,0.018099583177211664,8.188280049279856
2021-07-30,0.016600128294358002,8.324206548608032
2021-08-02,-0.0025353444027891026,8.303101818127358
2021-08-03,-0.008297876822864092,8.234203701992838
2021-08-04,0.022206568094160772,8.417057107202332
2021-08-05,0.01711760076448169,8.561136930375266
2021-08-06,0.004258248888577582,8.597592382193998
2021-08-09,0.025366685792687638,8.815684806726717
2021-08-10,-0.013267308393983749,8.698724397691716
2021-08-11,-0.004918576254431187,8.655939058425389
2021-08-12,0.001761544240696189,8.671186878021576
2021-08-13,0.027641538169557205,8.910871821085772
2021-08-16,-0.025724562077516423,8.68164354575946
2021-08-17,-0.027645258448924404,8.441637266175503
2021-08-18,0.005285247199842653,8.486253405898644
2021-08-19,0.02002026223944357,8.656150424515106
2021-08-20,0.03920575745340564,8.99552135853884
2021-08-23,0.032564253295086124,9.288453794579654
2021-08-24,-0.01385049902696626,9.159804074335808
2021-08-25,0.016465764230366865,9.310627248620175
2021-08-26,-0.020624340831549293,9.118601698889123
2021-08-27,0.028723624142732884,9.380520986795299
2021-08-30,-0.0024586258886825467,9.357457795047834
2021-08-31,-0.0014088089009815321,9.344274925215611
2021-09-01,0.011970598700825988,9.456131490495558
2021-09-02,0.0018399025707197905,9.473529851133986
2021-09-03,0.01190447213682429,9.586307223284182
2021-09-07,-0.030722566062218973,9.291791266324106
2021-09-08,-0.009455465223840293,9.203933057138196
2021-09-09,0.00019023437571767188,9.205683961597467
2021-09-10,-0.01088747415091465,9.105457315424085
2021-09-13,-0.004694099442407423,9.062715393316887
2021-09-14,0.013392416446944999,9.184087052004326
2021-09-15,0.018302990498042182,9.352183310050352
2021-09-16,-0.002763403809948911,9.326339451060019
2021-09-17,-0.007920971850947589,9.25246577879579
2021-09-20,-0.032627861804055046,8.950577604018491
2021-09-21,0.007584662740139543,9.018464716474417
2021-09-22,0.024455734950076614,9.239017899237135
2021-09-23,0.013910501003631705,9.367537266997045
2021-09-24,0.006324500392799637,9.426782260121733
2021-09-27,0.0075727740001019965,9.498169151725806
2021-09-28,-0.02130896455489813,9.295773001935254
2021-09-29,-0.0006434590575088994,9.289791552600613
2021-09-30,-0.0023945627411699477,9.267546563875522
2021-10-01,0.005496746434460853,9.318487917406705
2021-10-04,0.016670503932353586,9.473831806877422
2021-10-05,0.021526700165308256,9.677772143600635
2021-10-06,0.01947781997845362,9.866274047206181
2021-10-07,-0.00099542772659041,9.856452884461453
2021-10-08,0.0020621149106046697,9.876778022920172
2021-10-11,0.024164382643860227,10.115444266354485
2021-10-12,-0.0020747951364698345,10.094456791787422
2021-10-13,0.009480292153242234,10.190155191301846
2021-10-14,0.0061185469392984,10.252504134158562
2021-10-15,0.03888669141078415,10.651190098611375
2021-10-18,0.010435617212723458,10.762341841340431
2021-10-19,0.009675965510800716,10.866477889812689
2021-10-20,0.0078210934645207,10.951465629019062
2021-10-21,-0.00360886771361138,10.91194323829377
2021-10-22,0.0024776527954153416,10.938979244961542
2021-10-25,0.045147487271099185,11.432846671182261
2021-10-26,0.007213311087648305,11.515315350838883
2021-10-27,-0.011589938465921573,11.381853554506977
2021-10-28,0.02404834374077547,11.655568281192927
2021-10-29,0.0237705754353707,11.932627846263138
2021-11-01,0.023923374687694177,12.218096573238103
2021-11-02,0.006676968110649828,12.299676414430454
2021-11-03,0.0006938595520148416,12.3082106623973
2021-11-04,0.021047143995400724,12.567263344534503
2021-11-05,0.004474501946154064,12.623495588827453
2021-11-08,0.015507716964910906,12.81925718552679
2021-11-09,-0.026596237235071013,12.478313180243132
2021-11-10,-0.014638672719025914,12.295647237512044
2021-11-11,0.007455659824102401,12.3873194006321
2021-11-12,-0.012580816472706674,12.231476808663949
2021-11-15,-0.01485950212046308,12.049723153089213
2021-11-16,-0.002050757647036383,12.025012091188344
2021-11-17,-0.006242126462999098,11.949950444996054
2021-11-18,0.01020292754721569,12.071874923579166
2021-11-19,0.03304643123515424,12.470807308120607
2021-11-22,-0.006886916622143746,12.38492189797876
2021-11-23,-0.02396233947745352,12.088150195057645
2021-11-24,0.017758506345070146,12.302817686996736
2021-11-26,-0.03318821632401886,11.894509112205723
2021-11-29,0.0551773256780943,12.550816315270959
2021-11-30,-0.007069544861558974,12.462087756280965
2021-12-01,-0.040664487618641054,11.95532334301326
2021-12-02,0.006242031124568059,12.029948843424625
2021-12-03,-0.054402066098531154,11.37549477128269
2021-12-06,-0.01362250347186933,11.220532054266661
2021-12-07,0.060963385516668134,11.904573675593051
2021-12-08,-0.0010853372678614193,11.891653198124928
2021-12-09,-0.05146744226988781,11.279620223656908
2021-12-10,0.0018016093299991764,11.299941692690696
2021-12-13,-0.06745489575421115,10.537705303781582
2021-12-14,0.0062496687889281866,10.60356247172555
2021-12-15,0.07488472783577471,11.397607361510351
2021-12-16,-0.06802604709613802,10.62227318635296
2021-12-17,-0.020643242724383226,10.402995022682369
2021-12-20,0.0,10.402995022682369
2021-12-21,0.0,10.402995022682369
2021-12-22,0.0,10.402995022682369
2021-12-23,0.0,10.402995022682369
2021-12-27,0.0,10.402995022682369
2021-12-28,-0.010066140197013351,10.298277016315216
2021-12-29,-0.004227134396182571,10.254744815318134
2021-12-30,-0.00760282959343117,10.176779737963148
2021-12-31,-0.013901196264608062,10.035310325484035
2022-01-03,0.057008309825158955,10.607406405710847
2022-01-04,-0.01915348697731837,10.404237585255942
2022-01-05,-0.02115046179221819,10.184183155731825
2022-01-06,-0.0004212845910342433,10.179892716296044
2022-01-07,-0.02124705395645221,9.963599986482008
2022-01-10,0.010925107530804945,10.07245338772825
2022-01-11,0.022077813590882345,10.294831136025367
2022-01-12,0.02838655230144982,10.587065898502745
2022-01-13,-0.036891692555696076,10.196491118308288
2022-01-14,0.019099566643741017,10.39123967995473
2022-01-18,0.0005052962067679245,10.396490333948627
2022-01-19,0.017909385155464808,10.58268508360438
2022-01-20,-0.0006899443333189259,10.575383619999648
2022-01-21,-0.02025318878396498,10.361198379080944
2022-01-24,-0.0214940315265868,10.138494454467759
2022-01-25,0.027487708349970053,10.417178433139958
2022-01-26,0.020443925598071955,10.63014645396891
2022-01-27,-0.00847164140465062,10.540091665131968
2022-01-28,0.0024246516914070426,10.565647716215414
2022-01-31,0.015319072054016392,10.727503634877472
2022-02-01,0.0005671630345758238,10.733587878392452
2022-02-02,0.0006803309531120405,10.740890270464071
2022-02-03,0.022773560595811926,10.98549858589145
2022-02-04,0.02259888103899721,11.233758561588084
2022-02-07,-0.010724709023430812,11.113279769775577
2022-02-08,-0.010731488671827827,10.994017733819376
2022-02-09,0.004175892989449648,11.039927575399917
2022-02-10,-0.007497858380138223,10.957151761912586
2022-02-11,0.004631788620275912,11.00790297275405
2022-02-14,0.017288590468066634,11.198214099162207
2022-02-15,0.005587723704086334,11.260786625527528
2022-02-16,0.0017548799064981413,11.280547953708028
2022-02-17,-0.04908419358032007,10.726851354256139
2022-02-18,-0.010013645103266133,10.619436471719128
2022-02-22,0.014055109076382521,10.768693809658854
2022-02-23,-0.0027070926272950713,10.739541958041128
2022-02-24,0.007709002130680265,10.822333109878198
2022-02-25,-0.01314514872099748,10.680071931640674
2022-02-28,0.045092314094830055,11.161661089737594
2022-03-01,0.08033851173565365,12.058372330184866
2022-03-02,0.03476450322690694,12.477575653968822
2022-03-03,-0.03000583855725697,12.103175533309873
2022-03-04,-0.0018376738221611566,12.080933844467287
2022-03-07,0.0321576868161253,12.469428731483994
2022-03-08,0.03601336153610757,12.918494776539655
2022-03-09,-0.12126111859385258,11.351983649387615
2022-03-10,-0.024655017299143767,11.072100296132366
2022-03-11,0.03122057435194936,11.417777626660007
2022-03-14,-0.05780663668688468,10.757754303624031
2022-03-15,-0.06378021122779332,10.071622461802187
2022-03-16,-0.014516813463681721,9.925414597247578
2022-03-17,0.08354379592718453,10.754621408852728
2022-03-18,0.00835110475451728,10.844434378833231
2022-03-21,0.022250648257958566,11.085730073753162
2022-03-22,0.005028493199920353,11.141474592045181
2022-03-23,0.0031452922421103535,11.176517785645212
2022-03-24,0.02883423304321492,11.498784104088143
2022-03-25,0.0008007744307500231,11.507992036383413
2022-03-28,0.009058351585733898,11.612235474294799
2022-03-29,0.003374895773725267,11.651425558720499
2022-03-30,-0.0032332523483206976,11.613753559671482
2022-03-31,-0.032971341092478124,11.230832529691572
2022-04-01,-0.002076645569469071,11.207510071077339
2022-04-04,0.03110187683673682,11.556084668954474
2022-04-05,-0.033799586566180956,11.16549378482003
2022-04-06,-0.052058314300295117,10.584237000051878
2022-04-07,0.00324003730586353,10.61853032278615
2022-04-08,-0.03433014644972961,10.253994621724006
2022-04-11,-0.048328086073804455,9.758438687045
2022-04-12,0.011291813566499442,9.868629157399228
2022-04-13,0.03588835603591267,10.222798034186361
2022-04-14,-0.03655231880843268,9.849131061326563
2022-04-18,0.009791866715581521,9.945572439943366
2022-04-19,-0.014227605036369884,9.804070763407246
2022-04-20,-0.023851219380986555,9.570231720802504
2022-04-21,0.021219252036956626,9.773304879738289
2022-04-22,-0.010134756182478888,9.67425481768511
2022-04-25,-0.006994645387893739,9.60658683584328
2022-04-26,0.0,9.60658683584328
2022-04-27,0.0,9.60658683584328
2022-04-28,0.0,9.60658683584328
2022-04-29,-0.006359132166514847,9.545497280485051
2022-05-02,0.004584924217646336,9.589262662135825
2022-05-03,-0.026243173479971738,9.337609978548379
2022-05-04,0.052729164177174104,9.829974348129676
2022-05-05,0.004174052386858973,9.87100517602025
2022-05-06,0.013947852180307585,10.008684497086431
2022-05-09,-0.060854518624946285,9.399610819947274
2022-05-10,-0.03230181705260393,9.095986310875661
2022-05-11,0.05964311167633074,9.638499238221593
2022-05-12,0.003973116758895223,9.67679412107557
2022-05-13,0.04108169907835513,10.074333265200792
2022-05-16,0.03357769170243774,10.412606121687316
2022-05-17,-0.015761781702840816,10.248484897039617
2022-05-18,-0.02500004581709292,9.992272305057842
2022-05-19,0.023907316672444834,10.23116072333216
2022-05-20,0.009090137071412485,10.3241633767069
2022-05-23,-0.02596487109638701,10.056097805452666
2022-05-24,-0.004714881386747027,10.00868449708643
2022-05-25,0.005101623440959102,10.059745036529929
2022-05-26,0.0340795290894087,10.402576410134385
2022-05-27,0.008589739577440358,10.491931832431863
2022-05-31,-0.0034761582249043244,10.45546021729742
2022-06-01,0.0051452339470337005,10.509256006139319
2022-06-02,0.013968424262639223,10.656053752717762
2022-06-03,0.017113031171366977,10.838411132751784
2022-06-06,-0.003112667098787214,10.804674767015738
2022-06-07,0.007679355798391407,10.887647708837553
2022-06-08,0.022611145343251815,11.133829893628201
2022-06-09,-0.004913589969061327,11.079122818745635
2022-06-10,-0.006913043803121521,11.002532357399483
2022-06-13,0.002154654348021534,11.026239011582602
2022-06-14,-0.01653849330152035,10.84388163154858
2022-06-15,-0.03043809583194368,10.51381452325725
2022-06-16,0.01977277623424034,10.721701825193923
2022-06-17,-0.06828811148376057,9.989537055659442
2022-06-21,0.009948922887682787,10.088922189509848
2022-06-22,-0.040307266362120675,9.682265315510564
2022-06-23,0.0,9.682265315510564
2022-06-24,0.0,9.682265315510564
2022-06-27,0.0,9.682265315510564
2022-06-28,0.0,9.682265315510564
2022-06-29,0.0,9.682265315510564
2022-06-30,0.0,9.682265315510564
2022-07-01,0.0,9.682265315510564
2022-07-05,0.0,9.682265315510564
2022-07-06,0.0,9.682265315510564
2022-07-07,0.0,9.682265315510564
2022-07-08,0.0,9.682265315510564
2022-07-11,0.0,9.682265315510564
2022-07-12,0.0,9.682265315510564
2022-07-13,0.0,9.682265315510564
2022-07-14,0.0,9.682265315510564
2022-07-15,0.0,9.682265315510564
2022-07-18,0.0,9.682265315510564
2022-07-19,0.0,9.682265315510564
2022-07-20,0.0,9.682265315510564
2022-07-21,0.03260156907617843,9.99792235700807
2022-07-22,-0.019311470320985825,9.804847776139189
2022-07-25,-0.0287344063989207,9.523111295460051
2022-07-26,-0.02340477127656297,9.300225053748555
2022-07-27,0.07243004784711596,9.973840799380511
2022-07-28,0.024286331096231496,10.21606879933537
2022-07-29,0.02205228008544798,10.441356409870519
2022-08-01,0.004919849323773169,10.492726310142896
2022-08-02,0.0004427760957554554,10.497372238532332
2022-08-03,0.012246010552742806,10.625923169741469
2022-08-04,0.0038772941968822448,10.667122999984025
2022-08-05,-0.016324631614376583,10.492986146624043
2022-08-08,-0.009275269347958711,10.395660873849705
2022-08-09,-0.03041482804708795,10.079478635935725
2022-08-10,0.04396436459206546,10.522616509583939
2022-08-11,-0.011467113076716143,10.40195247620562
2022-08-12,0.03602854574882142,10.77671969687166
2022-08-15,0.013576429553744756,10.923029072656693
2022-08-16,-0.009153733761925409,10.823042572651822
2022-08-17,-0.020034213640675737,10.606211425509187
2022-08-18,0.004966908970036524,10.658891512176654
2022-08-19,-0.05676694911421638,10.053818760090968
2022-08-22,-0.034212511456399364,9.709852370580792
2022-08-23,0.015594017046819064,9.861267973969728
2022-08-24,0.002278417114797371,9.883736055695223
2022-08-25,0.018333584439974904,10.064940365254735
2022-08-26,-0.026953121859416895,9.79365880108226
2022-08-29,-0.01135058160727187,9.6824950776268
2022-08-30,-0.0249982267189629,9.440449870471044
2022-08-31,-0.007526203685978228,9.369399121858612
2022-09-01,0.005623955563764049,9.422092206179114
2022-09-02,-0.02507581222110289,9.185825591287049
2022-09-06,0.0,9.185825591287049
2022-09-07,0.0,9.185825591287049
2022-09-08,0.0,9.185825591287049
2022-09-09,0.03602289482946186,9.516725620483761
2022-09-12,0.01581694096302666,9.667251107784276
2022-09-13,-0.04037188096320543,9.276965996819394
2022-09-14,0.03587437200418364,9.609771326059455
2022-09-15,0.003767273730617582,9.645973965133361
2022-09-16,-0.0013168523341049454,9.63327164180266
2022-09-19,0.018856110452001085,9.81491767589462
2022-09-20,-0.0011000625419275156,9.804120652607265
2022-09-21,-0.025685948599634356,9.552292513459781
2022-09-22,-0.040591728559117746,9.164548448636129
2022-09-23,-0.04594757245188685,8.743459694803594
2022-09-26,0.0024698479153155706,8.76505471050345
2022-09-27,0.02510775852537339,8.985125587636459
2022-09-28,0.0,8.985125587636459
2022-09-29,0.0,8.985125587636459
2022-09-30,0.0,8.985125587636459
2022-10-03,0.0,8.985125587636459
2022-10-04,0.0,8.985125587636459
2022-10-05,0.0,8.985125587636459
2022-10-06,0.0,8.985125587636459
2022-10-07,0.0,8.985125587636459
2022-10-10,0.0,8.985125587636459
2022-10-11,-0.019532523131181256,8.80962341425938
2022-10-12,-0.0232792598385676,8.604541901718907
2022-10-13,0.021084038479006306,8.78596039426897
2022-10-14,-0.0392772974528901,8.440871614453956
2022-10-17,-0.0017521495714224455,8.426081944872259
2022-10-18,0.0,8.426081944872259
2022-10-19,0.0,8.426081944872259
2022-10-20,0.0,8.426081944872259
2022-10-21,0.0,8.426081944872259
2022-10-24,0.0,8.426081944872259
2022-10-25,0.0,8.426081944872259
2022-10-26,0.0,8.426081944872259
2022-10-27,-0.01166574795575065,8.327785396648878
2022-10-28,0.0010055989325333803,8.336159808754116
2022-10-31,-0.007454026833048483,8.274021849855083
2022-11-01,0.008053443225724877,8.340656215071299
2022-11-02,-0.007127113256568191,8.281211413592386
2022-11-03,-0.0008493841444570105,8.274177483920784
2022-11-04,0.05049913948687612,8.69201632682047
2022-11-07,-0.004692743614510293,8.651226922705563
2022-11-08,-0.03679660058756498,8.332891181038377
2022-11-09,-0.04560468493392367,7.952872304138451
2022-11-10,0.07537460911396543,8.55231694539617
2022-11-11,0.0327154930214163,8.832110210740217
2022-11-14,-0.018347305910680678,8.67006478286692
2022-11-15,0.017497820920720275,8.82177202380857
2022-11-16,-0.045361873885170545,8.42159991382084
2022-11-17,-0.014645008817334548,8.29826550882687
2022-11-18,-0.0170949878880432,8.156406760461707
2022-11-21,-0.005970681013666823,8.107707457477273
2022-11-22,0.0470719055538702,8.489352697174052
2022-11-23,0.02999137745665692,8.743960078277688
2022-11-25,-0.015073619126257487,8.61215695440253
2022-11-28,-0.027228149819081504,8.377663854582613
2022-11-29,-0.011878326555801122,8.278151227543148
2022-11-30,0.08237907072224071,8.96009763296633
2022-12-01,0.012527406627948157,9.072344419440615
2022-12-02,-0.015115152642775853,8.935214548712935
2022-12-05,-0.01576183146972643,8.794379202850275
2022-12-06,-0.03750765312778026,8.464522678235602
2022-12-07,0.008319274030690327,8.534941361934836
2022-12-08,0.0650744781778625,9.0903482173414
2022-12-09,-0.00978517056805539,9.001397609511697
2022-12-12,0.031410013402947135,9.284131629071716
2022-12-13,0.03062439617707824,9.568452554240551
2022-12-14,-0.011011440531777383,9.463090107958397
2022-12-15,-0.03307698290199529,9.150079638257417
2022-12-16,-0.022475302471802405,8.944428830746501
2022-12-19,-0.019129613528812928,8.773325363978348
2022-12-20,-0.01039732522422221,8.682106246871147
2022-12-21,0.025862588722767255,8.906647989981344
2022-12-22,-0.07042007063265576,8.279441209426656
2022-12-23,-0.008670724002373897,8.207652459805837
2022-12-27,0.0,8.207652459805837
2022-12-28,0.0,8.207652459805837
2022-12-29,0.0,8.207652459805837
2022-12-30,0.0,8.207652459805837
2023-01-03,0.0,8.207652459805837
2023-01-04,0.0,8.207652459805837
2023-01-05,0.0,8.207652459805837
2023-01-06,0.0,8.207652459805837
2023-01-09,0.0,8.207652459805837
2023-01-10,0.014522576515372032,8.32684872066495
2023-01-11,0.02800615102017323,8.56005170345803
2023-01-12,0.052115795988246116,9.006165611684287
2023-01-13,0.02755720830134556,9.254350393441886
2023-01-17,0.02356726991302821,9.47245016703387
2023-01-18,-0.013566369227841157,9.343943410575562
2023-01-19,-0.0017622041410106926,9.327477474804077
2023-01-20,0.050551040174926065,9.798991163363615
2023-01-23,0.029711108874625948,10.09013005667981
2023-01-24,-0.00916536505523069,9.997650331255583
2023-01-25,0.008175523872003598,10.079386360202708
2023-01-26,0.0106128161285803,10.18635703433246
2023-01-27,0.003502213905749646,10.22203183558703
2023-01-30,-0.04597410711786251,9.752083049015551
2023-01-31,0.021120148737826527,9.958048493514397
2023-02-01,0.028328986956640767,10.240149919400762
2023-02-02,0.021257494515343457,10.457829850148718
2023-02-03,-0.006643637887896237,10.388351815531097
2023-02-06,0.005373443741014635,10.444173039573721
2023-02-07,0.02802622178746139,10.73688374956744
2023-02-08,0.0034137291053304795,10.773536562123887
2023-02-09,-0.004312851420013402,10.727071899663365
2023-02-10,-0.03533129454045181,10.348070562819755
2023-02-13,0.003519967590610823,10.384495435826235
2023-02-14,0.03370139141282921,10.734467381133754
2023-02-15,0.025703408257034904,11.01037977865286
2023-02-16,-0.0299615332188905,10.680491919162153
2023-02-17,0.014335904283021339,10.833606429010844
2023-02-21,-0.03420306828674524,10.463063848527664
2023-02-22,0.00411562796003706,10.506125926650316
2023-02-23,0.04542008127863095,10.983315020162305
2023-02-24,-0.024316611599232447,10.716238014745002
2023-02-27,0.02073580284524316,10.938447813461455
2023-02-28,-0.012446113014708438,10.802306655769623
2023-03-01,-0.00501265025148397,10.748158470594973
2023-03-02,-0.012878503906415205,10.609738269744646
2023-03-03,0.004465398055086316,10.65711497437934
2023-03-06,-0.01139556319929369,10.535671147166662
2023-03-07,-0.02613114332172021,10.260362014429537
2023-03-08,-0.0013107139307875215,10.2469136150023
2023-03-09,-0.040349718701261084,9.833453533080835
2023-03-10,-0.008545076307004962,9.749425922279272
2023-03-13,4.35518965313797e-05,9.74985052826828
2023-03-14,0.04776628809471828,10.215564697481984
2023-03-15,0.0034285649468488444,10.250589424516036
2023-03-16,0.04097978923665724,10.670656418684212
2023-03-17,0.05092498809090207,11.214059469727815
2023-03-20,-0.0014391047154140857,11.197921263865995
2023-03-21,0.008752968556058116,11.295936316581829
2023-03-22,-0.017698781742141085,11.096012005141521
2023-03-23,0.023501866663213557,11.356788999779775
2023-03-24,-0.018079681244313767,11.151461874704827
2023-03-27,-0.010810136453689813,11.030913050181148
2023-03-28,-0.004498307658445536,10.981292609527872
2023-03-29,0.02871407613816797,11.296610281613356
2023-03-30,0.0036333489083909174,11.337654808248573
2023-03-31,0.03087715922610686,11.687729381013499
2023-04-03,-0.017226819741421068,11.486386973780268
2023-04-04,-0.00308734869762467,11.450924491916355
2023-04-05,-0.0145958119384966,11.28378895151042
2023-04-06,-7.744498368192354e-05,11.282915078659201
2023-04-10,0.012941242806532666,11.42893002225762
2023-04-11,0.00989206857979022,11.541985781831416
2023-04-12,-0.0022545865593036982,11.515963375820025
2023-04-13,-0.001930721332995211,11.493729259660338
2023-04-14,0.006126321916164393,11.564143545122256
2023-04-17,-0.013356502634302029,11.409687031398384
2023-04-18,0.0191158421541812,11.627792807719205
2023-04-19,-0.021097002873500914,11.382481229442279
2023-04-20,-0.024413341396593458,11.104596829247587
2023-04-21,-0.008750376207270852,11.007427429361604
2023-04-24,0.002065477525805215,11.03016302333388
2023-04-25,-0.007552887984215681,10.946853437571
2023-04-26,-0.0015425571817277994,10.929967290183553
2023-04-27,0.017729286872576907,11.1237478157791
2023-04-28,0.013899705892367702,11.278364638839298
2023-05-01,0.0008088693730972651,11.287487362574277
2023-05-02,-0.0016234899237438372,11.269162240576751
2023-05-03,-0.0015522045309887544,11.25167019588648
2023-05-04,-0.007050059127914288,11.172345255717689
2023-05-05,0.032183150401444816,11.531906523419321
2023-05-08,-0.005155461886096502,11.472454218863806
2023-05-09,-0.019896495271676806,11.244192587743655
2023-05-10,0.010990289116554086,11.367769515165172
2023-05-11,-0.01062830222255351,11.246949425161667
2023-05-12,-0.008328157677968684,11.15328305695278
2023-05-15,0.021630228682026242,11.394531120030038
2023-05-16,0.008980008642737403,11.496854107967849
2023-05-17,0.03303327711866588,11.876632875709223
2023-05-18,0.04970502060769877,12.466961157546423
2023-05-19,-0.01306892999242848,12.304031314960124
2023-05-22,-0.0014073024165967007,12.2867158219567
2023-05-23,-0.0160333112212942,12.089719083295668
2023-05-24,-0.010168563860311397,11.96678400274395
2023-05-25,0.12614016993420907,13.476276170416046
2023-05-26,0.036298323046823455,13.965442396318016
2023-05-30,0.03563786808141256,14.463140990136562
2023-05-31,-0.021498692745044234,14.152202365861362
2023-06-01,0.03438751149999508,14.638861387467676
2023-06-02,0.009971107711353622,14.784827051133691
2023-06-05,0.006522546144424102,14.88126176781204
2023-06-06,0.0019021748955729834,14.909568530361222
2023-06-07,-0.007835321112802107,14.792747273272512
2023-06-08,0.03671963345387763,15.335931530922926
2023-06-09,0.023685827166291196,15.699175754598441
2023-06-12,0.020291124886548606,16.01772969045087
2023-06-13,0.03727464755371801,16.614784919273152
2023-06-14,0.020361762819667673,16.953091229099183
2023-06-15,-0.005733237546580727,16.855895129933902
2023-06-16,0.009523188489393375,17.01641699641371
2023-06-20,0.03976498349569424,17.69307453743195
2023-06-21,-0.02401180318807561,17.26823191384718
2023-06-22,0.005184680640958967,17.357762181554495
2023-06-23,-0.00768463000817406,17.224374201419373
2023-06-26,-0.03494099347155066,16.622537454896033
2023-06-27,0.02746438014900539,17.079065142598377
2023-06-28,-0.004546392566819693,17.00141700778584
2023-06-29,0.003226141134491119,17.056265978539294
2023-06-30,0.0179617609819304,17.36262655129005
2023-07-03,0.029690465098692144,17.87813100893275
2023-07-05,-0.00043866650102393923,17.870288471758215
2023-07-06,-0.015302073390839221,17.5968360060479
2023-07-07,0.004086255120905907,17.668741167289358
2023-07-10,-0.007220063901866386,17.54117172699599
2023-07-11,0.009499920667073836,17.70781146680997
2023-07-12,0.012065716293954587,17.921468896155336
2023-07-13,0.029930903703073386,18.457874655903787
2023-07-14,-0.013481405904077481,18.209036555540962
2023-07-17,0.008387541590998332,18.361765606982573
2023-07-18,0.011101859981528572,18.565615357764944
2023-07-19,-0.004807482831144044,18.476361480682865
2023-07-20,-0.0327007201589668,17.87217115434714
2023-07-21,-0.003650097038583683,17.806935995343597
2023-07-24,0.008276134832970267,17.954308598603134
2023-07-25,0.005725355464322762,18.057103397446287
2023-07-26,-0.006383168437181341,17.941841864972787
2023-07-27,-0.0020662853491201227,17.904768899990962
2023-07-28,0.022199417671892114,18.302244343120567
2023-07-31,0.006135574666494725,18.414539129852216
2023-08-01,-0.011263153823667492,18.207133343040745
2023-08-02,-0.032628590634437016,17.61306024256406
2023-08-03,0.01732506342978605,17.918207628459125
2023-08-04,-0.0005917260589786144,17.907604958075176
2023-08-07,0.002934857463596785,17.960161226141526
2023-08-08,-0.0023099281758772183,17.918674543681966
2023-08-09,-0.014696542442923566,17.655331982729813
2023-08-10,-0.011310656886134252,17.455638580462363
2023-08-11,-0.01584918951266101,17.178980856536096
2023-08-14,0.03137986078666666,17.718054884271012
2023-08-15,-0.00707406796943294,17.592716159733534
2023-08-16,-0.015105544200755494,17.326968608171335
2023-08-17,0.012723635313391046,17.54743063782828
2023-08-18,0.010697855664647538,17.735150518077184
2023-08-21,-0.0032615309495192535,17.677306775768095
2023-08-22,-0.016120763922408077,17.39233508645195
2023-08-23,0.006768386862096243,17.510053138752266
2023-08-24,0.001512773647256549,17.53654188570263
2023-08-25,-0.007205123325248197,17.410188938717763
2023-08-28,0.010567994759549837,17.594179724184905
2023-08-29,0.027423874057417974,18.07668029308453
2023-08-30,0.007815131572548206,18.217951927969875
2023-08-31,0.01317397707599477,18.457954809040526
2023-09-01,0.0029086257282867622,18.511642091289655
2023-09-05,0.0047098272222867435,18.59882872714044
2023-09-06,-0.0128539607660136,18.35976011238797
2023-09-07,-0.008928264062762665,18.195839325975594
2023-09-08,-0.006329841888549607,18.080662540012717
2023-09-11,0.029921934657123155,18.62167094309247
2023-09-12,-0.0037858207624069653,18.5511726346054
2023-09-13,0.008128526883427911,18.7019663400849
2023-09-14,0.012703093421921663,18.939539165676635
2023-09-15,-0.012030439593307518,18.71168818381888
2023-09-18,-0.012689466298593854,18.47424684722051
2023-09-19,0.0007690353609181022,18.488454196312354
2023-09-20,-0.0123796915467842,18.25957283618516
2023-09-21,-0.016719230381234462,17.95428683127405
2023-09-22,-0.01892618698881221,17.614480641454588
2023-09-25,0.0023644456996966268,17.656129124459667
2023-09-26,-0.0018514586341254469,17.623439531746953
2023-09-27,0.03639784199295071,18.2648946991958
2023-09-28,-0.021029047974867265,17.880801352310513
2023-09-29,-0.005015800774885615,17.791114815032017
2023-10-02,-0.01894257404207189,17.45410530535727
2023-10-03,0.000477260848035288,17.462435466457002
2023-10-04,-0.02133972811549567,17.08979184136842
2023-10-05,-0.01215779132066408,16.882017718447475
2023-10-06,0.009011446283158902,17.0341491142686
2023-10-09,0.009160726099589216,17.190194288643976
2023-10-10,0.0027423477411256205,17.23733577912095
2023-10-11,0.00023983748097381862,17.241469938312914
2023-10-12,-0.005677398058340296,17.1435832503622
2023-10-13,-0.019201207013225696,16.81440575942353
2023-10-16,0.025054543981701517,17.235683028049184
2023-10-17,-0.015589626848450666,16.966985161163723
2023-10-18,-0.014240901489728747,16.7253599969059
2023-10-19,0.01285373114605104,16.940343277627047
2023-10-20,0.013299174652246781,17.165635861545226
2023-10-23,0.03318324338853168,17.73524733425779
2023-10-24,0.02464145540134477,18.17226964047672
2023-10-25,0.017736456610143003,18.494581312462856
2023-10-26,-0.010033147199696724,18.309022455758157
2023-10-27,-0.007226928505637331,18.176704459462286
2023-10-30,-0.0010457086417764438,18.15769692253001
2023-10-31,0.004794395311462418,18.244752099522344
2023-11-01,0.022195613001625203,18.649705556433933
2023-11-02,-0.014081557224217889,18.387088660426194
2023-11-03,-0.005893770145759425,18.278719386211943
2023-11-06,-0.0003419285416157436,18.27246937034961
2023-11-07,0.005796545139804432,18.37838656387054
2023-11-08,0.009721508805508261,18.55705221068224
2023-11-09,0.018590515067975932,18.902037369422146
2023-11-10,0.023209555209588673,19.340745249321454
2023-11-13,-0.004502493400791341,19.253663671469997
2023-11-14,-0.0025603474484781064,19.204367602814894
2023-11-15,0.025230993010782354,19.68891286757801
2023-11-16,-0.01672489552216333,19.359617856922792
2023-11-17,0.004272286669220193,19.44232769421412
2023-11-20,0.008318173441825616,19.604052348087404
2023-11-21,-0.00994442369164846,19.409101345464766
2023-11-22,-0.002791582421392585,19.35491923933374
2023-11-24,-0.0008173362886773061,19.339099761475012
2023-11-27,0.002142474883962464,19.380533296992418
2023-11-28,0.017276204737370942,19.715355358150692
2023-11-29,-0.001020670033733739,19.695232485732216
2023-11-30,-0.01631273877558803,19.37394930306799
2023-12-01,0.006855454744558176,19.506766535738542
2023-12-04,0.003208482305697778,19.569353651009834
2023-12-05,0.028886474900493266,20.134643294068606
2023-12-06,-0.009228921740980703,19.948822246825085
2023-12-07,0.009102764134052865,20.13041167049008
2023-12-08,0.014887299976238538,20.43009914767384
2023-12-11,-0.031080181742062098,19.795127953155788
2023-12-12,0.005235681824048211,19.898768944784834
2023-12-13,0.017805549395132642,20.25307745813353
2023-12-14,0.0192333455465532,20.642611895266917
2023-12-15,-0.0015017261991728077,20.61161234416444
2023-12-18,0.016370322572705542,20.94903108698197
2023-12-19,0.0008876027172452692,20.967625503898432
2023-12-20,-0.01219967531407847,20.71182728064368
2023-12-21,0.017673295947029155,21.077873533778245
2023-12-22,-0.0026774934498437295,21.02143766545492
2023-12-26,8.534655859682161e-05,21.023231772816423
2023-12-27,0.014439082051026878,21.326787941361875
2023-12-28,-0.016076592291234554,20.983925866746983
2023-12-29,-0.010320250962064643,20.76736648563279
2024-01-02,-0.0032273240217876396,20.700343464904442
2024-01-03,-0.03316579340894872,20.01380015005314
2024-01-04,0.012639436109942743,20.266763298366897
2024-01-05,0.006885847438513985,20.406317138511927
2024-01-08,0.048546128402926714,21.39696483054897
2024-01-09,-0.000356025612282318,21.38934696304419
2024-01-10,0.016673807201993185,21.745988810482526
2024-01-11,0.0015628617820117041,21.779974785306486
2024-01-12,-0.03892884358045495,20.93210555370304
2024-01-16,0.022842913280576416,21.410255825646146
2024-01-17,-0.007694488630619389,21.24551485561706
2024-01-18,0.018803640284864143,21.64500787462882
2024-01-19,0.04174610666858958,22.548602682205537
2024-01-22,0.0027399446673719297,22.610384605881336
2024-01-23,0.0018356172376118307,22.65188861761293
2024-01-24,0.017275245809091788,23.043205561522363
2024-01-25,0.017193089014819196,23.439389445928395
2024-01-26,-0.0005540628497548439,23.426402551015467
2024-01-29,0.0038644931003368743,23.51693372203958
2024-01-30,0.009245974023755377,23.734370680351937
2024-01-31,-0.022589843661326936,23.198214957282804
2024-02-01,-0.0011918994574602881,23.170565017461172
2024-02-02,0.00961574533789781,23.39336727000428
2024-02-05,0.018875081801840905,23.834918990846116
2024-02-06,0.00042435468676963817,23.84503345042866
2024-02-07,0.02121038184357567,24.350795714985082
2024-02-08,0.015869003748912425,24.73721858347518
2024-02-09,0.028219682521206508,25.435295038358536
2024-02-12,0.012365786003652566,25.749822453742645
2024-02-13,0.002123480781176005,25.804501706841865
2024-02-14,0.01689090730685568,26.24036315327173
2024-02-15,0.001162824838205844,26.270876099309895
2024-02-16,0.006171418899123907,26.43300468056572
2024-02-20,-0.015506404927198014,26.023123806546348
2024-02-21,-0.013495555294407525,25.67192730028189
2024-02-22,0.0542294702504893,27.06410231808525
2024-02-23,-0.011528380422347197,26.752097050773035
2024-02-26,0.02388455138525162,27.391058887445464
2024-02-27,0.019563987807857543,27.926937229563755
2024-02-28,0.02585401953931121,28.64896081037001
2024-02-29,-0.0019361325005360366,28.59349262623847
2024-03-01,0.027393562838656793,29.376770263272
2024-03-04,0.03410200176525775,30.378576934647676
2024-03-05,-0.021733486130790732,29.718344554165352
2024-03-06,0.026834839973122117,30.515831574542485
2024-03-07,0.018201006704663104,31.071250429629107
2024-03-08,-0.015531110516401768,30.58867940532374
2024-03-11,0.007969819133146575,30.832465647705977
2024-03-12,0.01930467456995562,31.42767636322428
2024-03-13,0.013037320441690665,31.837409050709383
2024-03-14,-0.012051947466689323,31.453706269354733
2024-03-15,-0.010612037903889981,31.119918346206518
2024-03-18,0.00515141504136544,31.28022996166123
2024-03-19,-0.021235284404413284,30.615985382189905
2024-03-20,0.028791729449753868,31.49747255015154
2024-03-21,-0.010457613234038526,31.16808416437231
2024-03-22,-0.0001214733525128919,31.16429807269746
2024-03-25,0.021485853479397278,31.8338896148757
2024-03-26,-0.009768690491157398,31.522914200098313
2024-03-27,-0.011961276930007184,31.14585989371008
2024-03-28,0.014038171103678701,31.58309080406919
2024-04-01,-0.005433732600258626,31.41147673395019
2024-04-02,-0.01797575475958494,30.846831731544295
2024-04-03,0.0019965545840811374,30.908419114842292
2024-04-04,0.005836080920332498,31.088803149916068
2024-04-05,0.006126298959572692,31.27926245230776
2024-04-08,0.0057480395964668585,31.459056891431903
2024-04-09,-0.02303175873894199,30.73449948295379
2024-04-10,0.017398519558605347,31.269234273331904
2024-04-11,0.006607748795612064,31.475853518441223
2024-04-12,-0.020059371576760594,30.84446767701912
2024-04-15,-0.013847915120754672,30.4173361066829
2024-04-16,0.00792819756871016,30.658490756850544
2024-04-17,-0.03497278131281517,29.586278064230246
2024-04-18,0.004026073141615294,29.705394583705004
2024-04-19,0.004955832419659689,29.852609541221714
2024-04-22,-0.003488103411791066,29.748480552030113
2024-04-23,0.00615572897553851,29.93160413574249
2024-04-24,-0.006597925236693336,29.73411764944056
2024-04-25,0.009177661618607225,30.007007319754983
2024-04-26,0.00335047002895017,30.10754489843831
2024-04-29,-0.014549806116927466,29.669485957509345
2024-04-30,-0.008471462804184426,29.41814201080103
2024-05-01,0.0,29.41814201080103
2024-05-02,0.0001110562423569661,29.421409079109875
2024-05-03,0.0032776178283964175,29.51784121404411
2024-05-06,0.028722117340785114,30.36565611304055
2024-05-07,-0.02741466574282353,29.533191800640015
2024-05-08,-0.00947311015283031,29.25342062154789
2024-05-09,-0.01707753908992271,28.753844187369452
2024-05-10,-0.0038042096413408166,28.644458536086248
2024-05-13,0.013048613618370064,29.01822900783106
2024-05-14,0.021757228433413767,29.649585245087554
2024-05-15,0.007893488753922595,29.883623912778123
2024-05-16,0.001010765233571409,29.913829240882283
2024-05-17,-0.0016462585092286517,29.86458334495087
2024-05-20,0.029579725092004756,30.747969510281777
2024-05-21,0.018208668657215005,31.307849098976646
2024-05-22,-0.01793720540782125,30.74627377881123
2024-05-23,0.013524409154577682,31.162098965374536
2024-05-24,0.022053672993058566,31.849337705734232
2024-05-28,0.013361631291011089,32.27489681302115
2024-05-29,-0.0018569582381317005,32.21496367749936
2024-05-30,-0.003754999755746705,32.09399649675896
2024-05-31,-0.008198437575902884,31.830875869919037
2024-06-03,0.018149070613157438,32.40857668376085
2024-06-04,0.009832171843711768,32.72722337892569
2024-06-05,0.02005685060207396,33.38362840885751
2024-06-06,0.0001471431727878929,33.38854058186077
2024-06-07,-0.007828761965357126,33.12714964527471
2024-06-10,-0.005092719090586876,32.9584423778595
2024-06-11,-0.019254444734593423,32.32384587055672
2024-06-12,0.016327789843700275,32.85162283287132
2024-06-13,0.014227839654000615,33.319030454911115
2024-06-14,-0.0060309870654805895,33.11808381320319
2024-06-17,0.0230751508498952,33.88228859305233
2024-06-18,0.007118467676436239,34.12347856920566
2024-06-20,-0.015281700401452157,33.60201379305568
2024-06-21,-0.013928414917973772,33.13399100286652
2024-06-24,-0.01934728320825829,32.49293829511418
2024-06-25,0.027963137909390385,33.40154280974177
2024-06-26,0.017156575420558113,33.9745988981201
2024-06-27,-0.0011120871418042189,33.936816183537545
2024-06-28,-0.0012486641118532038,33.8944404990986
2024-07-01,0.029753061848192854,34.902903883578176
2024-07-02,0.027341034820009158,35.85718539397852
2024-07-03,0.04135925660676043,37.34021192588426
2024-07-05,-0.002287264049281219,37.25480500155364
2024-07-08,0.004833242796629741,37.43486651946725
2024-07-09,0.016918000069250632,38.06818959383598
2024-07-10,0.01296313877806998,38.561672818570756
2024-07-11,-0.04459141004705335,36.84215345381755
2024-07-12,0.013117315099591093,37.325423589618765
2024-07-15,0.0026422186991902725,37.42404552178245
2024-07-16,-0.004906028725964647,37.240442079410776
2024-07-17,-0.02392530323681045,36.349453209988
2024-07-18,0.007212252671390362,36.61161465100532
2024-07-19,-0.014012891722980508,36.098580059097294
2024-07-22,0.02157829396427821,36.877525831305526
2024-07-23,-0.01753743759367421,36.230788523429894
2024-07-24,-0.06660141181966553,33.81776685642973
2024-07-25,0.012959921942476416,34.256042475157926
2024-07-26,0.015206214552683062,34.776947206761
2024-07-29,0.017461089510618866,35.38419059484432
2024-07-30,-0.025053347664548087,34.49769816604305
2024-07-31,0.009277849016553597,34.81776260104623
2024-08-01,-0.02705799116763402,33.875663888110346
2024-08-02,-0.05134932030905298,32.13617157243795
2024-08-05,0.0,32.13617157243795
2024-08-06,0.0,32.13617157243795
2024-08-07,0.0,32.13617157243795
2024-08-08,0.0,32.13617157243795
2024-08-09,0.0,32.13617157243795
2024-08-12,0.0,32.13617157243795
2024-08-13,0.0,32.13617157243795
2024-08-14,0.0,32.13617157243795
2024-08-15,0.0,32.13617157243795
2024-08-16,0.0,32.13617157243795
2024-08-19,0.04350612630287576,33.534291911759325
2024-08-20,-0.021153778641724186,32.82491492375101
2024-08-21,0.009823227014848834,33.14736151479011
2024-08-22,-0.03704287719850896,31.91948787274316
2024-08-23,0.04549854576927315,33.37177815265292
2024-08-26,-0.02253857963220801,32.619625673290976
2024-08-27,-0.019573616383574244,31.981141633786187
2024-08-28,-0.020966523088021938,31.31060828934011
2024-08-29,-0.06384845026248953,29.311474473289884
2024-08-30,0.015137375405547049,29.75517326608218
2024-09-03,-0.09525012396807286,26.920989323796366
2024-09-04,0.0,26.920989323796366
2024-09-05,0.0,26.920989323796366
2024-09-06,-0.0844593239607937,24.64726076515278
2024-09-09,0.026289605928169646,25.295227537877484
2024-09-10,0.04577608406578748,26.453144000114587
2024-09-11,0.008666077418469476,26.6823889939815
2024-09-12,0.007364189890953776,26.878883173277476
2024-09-13,0.0020886633855721204,26.93502411240657
2024-09-16,-0.015241628421408637,26.524490483363586
2024-09-17,0.004806404196833203,26.65197790574169
2024-09-18,-0.0014701324950675554,26.612795966964637
2024-09-19,0.047264423815773005,27.870634434469945
2024-09-20,-0.009616640296332912,27.602612568283057
2024-09-23,0.0221537351007563,28.21411353520961
2024-09-24,0.010810297959009896,28.51911650917456
2024-09-25,0.004878434605468699,28.658245154070308
2024-09-26,0.008556995049409578,28.903473615978452
2024-09-27,0.0042050990356440315,29.02501558500776
2024-09-30,-0.010103001290874084,28.731775815084788
2024-10-01,-0.02990566016990407,27.872533091480996
2024-10-02,-0.007475299491605303,27.664177559032495
2024-10-03,0.0007241926701607355,27.68421175364677
2024-10-04,0.02584029546842899,28.399579965171558
2024-10-07,-0.005960770990397768,28.230296572775682
2024-10-08,0.0019390896293694226,28.285037648093972
2024-10-09,-0.011336682775320933,27.964379148989522
2024-10-10,0.00934594434188088,28.225732680071232
2024-10-11,-0.013927716501472898,27.832612677256844
2024-10-14,0.014609267433746548,28.239226759238775
2024-10-15,-0.025271804848646107,27.525570531502627
2024-10-16,0.012380364399465252,27.866347124985815
2024-10-17,0.003248250801735593,27.95686400937599
2024-10-18,0.011466102927407462,28.277420289635028
2024-10-21,0.008849228669599474,28.527653647964378
2024-10-22,-0.0004653171483212093,28.51437924152061
2024-10-23,-0.02093025440485452,27.917566029799083
2024-10-24,0.016057507804102755,28.365852564194135
2024-10-25,-0.004744129774724973,28.231281278458884
2024-10-28,-0.0009654234947131055,28.204026136226805
2024-10-29,0.011346593208826325,28.524045747645676
2024-10-30,-0.008783889127601308,28.27349369232773
2024-10-31,-0.035495331162948965,27.26991667058501
2024-11-01,0.001989340785494916,27.32416582803485
2024-11-04,-0.011127771488056066,27.020108754598727
2024-11-05,0.028871640656336073,27.80022362505662
2024-11-06,0.09292878668308871,30.383664676051673
2024-11-07,0.018338375748397397,30.94085173549442
2024-11-08,0.02730672625140451,31.78574510382086
2024-11-11,0.058592515795342304,33.648151875883215
2024-11-12,-0.016334898500534416,33.0985127302601
2024-11-13,0.007196070594304087,33.33669196443353
2024-11-14,-0.030389423068220636,32.323609128631404
2024-11-15,0.013939558048737996,32.77418595442468
2024-11-18,0.017017403751029114,33.33191750942243
2024-11-19,0.03009094712391413,34.33490647673713
2024-11-20,0.0008397291373238485,34.36373849813294
2024-11-21,0.014170155704806509,34.85067802325073
2024-11-22,0.0036211031348796223,34.9768759226934
2024-11-25,-0.04383675277257999,33.443603260113086
2024-11-26,-0.0021479330491531723,33.37176863938792
2024-11-27,0.005303232813256436,33.54874689787273
2024-11-29,0.025757770045566675,34.412887805785054
2024-12-02,0.007590645385728955,34.67410383381764
2024-12-03,-0.000897591160651061,34.64298066471291
2024-12-04,0.02737766023706567,35.59142441895065
2024-12-05,0.003264557934087012,35.707614685923
2024-12-06,0.023260424217371914,36.53818895130803
2024-12-09,-0.020529574911724392,35.78807546409341
2024-12-10,-0.0019940818425296194,35.71671111263138
2024-12-11,0.04573898623997441,37.350357270749164
2024-12-12,-0.013435934453215892,36.84852031865518
2024-12-13,0.028759666868951927,37.90827148763351
2024-12-16,0.02600309822151973,38.894003994534486
2024-12-17,0.009502030363745861,39.263576001458205
2024-12-18,-0.044374115568380106,37.52128954234162
2024-12-19,-0.014661779675738118,36.971160661922234
2024-12-20,-0.012787147742628457,36.49840496832178
2024-12-23,0.005029119893423807,36.6819598228262
2024-12-24,0.04270997452684947,38.24864539245403
2024-12-26,-0.019920454677137323,37.486714985451755
2024-12-27,-0.01747504468748732,36.83163296589389
2024-12-30,-0.013744010888244229,36.32541860137883
